trac1kmcles7mp7jm7dmmqmj847alpfk5yrn3w3fmdlhez6r0eupmjqlqya048d,1000.000000000000000001
trac19awtsk4jpw4pqyzkrlmu5sthrmzvuf44q6a8qy4v2xkc8aew0tls52crq7,12393202020.000000000000000001