trac1dguwzsvcsehslh6dgj2mqlsxdn7s5t5vhem56yd0xlg47aq6exzqymhr6u,1000.000000000000000001
trac123z3gfpr2epjwww7ntm3m6ud2fhmq0tvts27p2f5mx3qkecsutlqfys769,12393202020.000000000000000001